{
    "L1EG": {
        "default": {
            "barrel": {
                "offset": 4.360506945867772,
                "slope": 1.1233900052467425
            },
            "endcap": {
                "offset": 5.217360883940424,
                "slope": 1.068384769533106
            }
        }
    },
    "L1TrackHT": {
        "HT": {
            "inclusive": {
                "offset": -51.83310949813931,
                "slope": 2.57696455002175
            }
        },
        "MHT": {
            "inclusive": {
                "offset": -19.41291904855745,
                "slope": 2.2650586674749986
            }
        }
    },
    "L1TrackJet": {
        "default": {
            "barrel": {
                "offset": 14.838913998463735,
                "slope": 5.149490284077295
            },
            "endcap": {
                "offset": 30.24038982033544,
                "slope": 7.116925577056404
            }
        }
    },
    "L1TrackMET": {
        "default": {
            "inclusive": {
                "offset": -75.84824063081703,
                "slope": 8.692561775579753
            }
        }
    },
    "L1caloJet": {
        "default": {
            "barrel": {
                "offset": 2.270527706574872,
                "slope": 1.4750534534351945
            },
            "endcap": {
                "offset": 77.98443741082889,
                "slope": 1.7388805467809214
            },
            "forward": {
                "offset": 223.84301572077405,
                "slope": 0.8935303937567852
            }
        }
    },
    "L1caloTau": {
        "default": {
            "barrel": {
                "offset": -10.871920725051726,
                "slope": 1.6910051951745764
            },
            "endcap": {
                "offset": -45.7691736081406,
                "slope": 2.5410423155289257
            }
        }
    },
    "L1gmtMuon": {
        "default": {
            "barrel": {
                "offset": 1.0794206458337774,
                "slope": 1.6938792197336745
            },
            "endcap": {
                "offset": -2.974330848267992,
                "slope": 1.2069851534440057
            },
            "overlap": {
                "offset": -1.173477787919189,
                "slope": 1.3508644429668042
            }
        }
    },
    "L1gmtTkMuon": {
        "Loose": {
            "barrel": {
                "offset": 0.9601815919932278,
                "slope": 1.038060692229121
            },
            "endcap": {
                "offset": 0.874483509291644,
                "slope": 1.0402654519942487
            },
            "overlap": {
                "offset": 1.1608422825636948,
                "slope": 1.0295008094812055
            }
        },
        "Medium": {
            "barrel": {
                "offset": 0.9461712742135878,
                "slope": 1.0386480255831405
            },
            "endcap": {
                "offset": 0.8747003585258207,
                "slope": 1.0402843180296897
            },
            "overlap": {
                "offset": 1.1623511115132772,
                "slope": 1.0292754904554626
            }
        },
        "Tight": {
            "barrel": {
                "offset": 0.9398798074759409,
                "slope": 1.0386712486929033
            },
            "endcap": {
                "offset": 0.8667501947881349,
                "slope": 1.0402917798467424
            },
            "overlap": {
                "offset": 1.170505429669502,
                "slope": 1.0297994599385782
            }
        },
        "VLoose": {
            "barrel": {
                "offset": 0.9604972993150038,
                "slope": 1.038687564321281
            },
            "endcap": {
                "offset": 0.9409294880187875,
                "slope": 1.037527174508872
            },
            "overlap": {
                "offset": 1.171349440353478,
                "slope": 1.0289942231754163
            }
        },
        "default": {
            "barrel": {
                "offset": 0.9601815919932278,
                "slope": 1.038060692229121
            },
            "endcap": {
                "offset": 0.874483509291644,
                "slope": 1.0402654519942487
            },
            "overlap": {
                "offset": 1.1608422825636948,
                "slope": 1.0295008094812055
            }
        }
    },
    "L1hpsTau": {
        "default": {
            "barrel": {
                "offset": 1.8783280710478891,
                "slope": 1.7408305577437153
            },
            "endcap": {
                "offset": 37.49301650194258,
                "slope": 1.4991719967934074
            }
        }
    },
    "L1nnCaloTau": {
        "default": {
            "barrel": {
                "offset": -0.7156269029121916,
                "slope": 1.3125263109870344
            },
            "endcap": {
                "offset": -6.022119809604722,
                "slope": 1.3755790706614288
            }
        }
    },
    "L1nnPuppiTau": {
        "default": {
            "barrel": {
                "offset": 3.5316970710163034,
                "slope": 1.2649278135977127
            },
            "endcap": {
                "offset": -3.1528739773353935,
                "slope": 1.656044136839053
            }
        }
    },
    "L1puppiHistoJetSums": {
        "MHT": {
            "inclusive": {
                "offset": -15.690116309754202,
                "slope": 1.179051419992516
            }
        }
    },
    "L1puppiJetSC4": {
        "default": {
            "barrel": {
                "offset": 17.32603579763162,
                "slope": 1.2758579492574984
            },
            "endcap": {
                "offset": 15.333157759501285,
                "slope": 1.6720800367037882
            },
            "forward": {
                "offset": 71.45489841714968,
                "slope": 1.1422117352488756
            }
        }
    },
    "L1puppiJetSC4sums": {
        "HT": {
            "inclusive": {
                "offset": 45.703793327111136,
                "slope": 1.1201561975481746
            }
        },
        "MHT": {
            "inclusive": {
                "offset": -12.934082980936418,
                "slope": 1.163804857918743
            }
        }
    },
    "L1puppiJetSC8": {
        "default": {
            "barrel": {
                "offset": 23.976570216058683,
                "slope": 1.3677876758774037
            },
            "endcap": {
                "offset": 28.95165019242781,
                "slope": 1.5592194698384338
            },
            "forward": {
                "offset": 69.06044477791885,
                "slope": 1.4241111563962519
            }
        }
    },
    "L1puppiMET": {
        "default": {
            "inclusive": {
                "offset": 37.050648431061866,
                "slope": 1.6403417686635313
            }
        }
    },
    "L1puppiMLMET": {
        "default": {
            "inclusive": {
                "offset": 29.345130883949253,
                "slope": 1.56005051788157
            }
        }
    },
    "L1tkElectron": {
        "Iso": {
            "barrel": {
                "offset": 1.16249217439356,
                "slope": 1.1773092985476448
            },
            "endcap": {
                "offset": 0.18263290819333367,
                "slope": 1.2513014718506423
            }
        },
        "NoIso": {
            "barrel": {
                "offset": 1.244850454697889,
                "slope": 1.1774385719097014
            },
            "endcap": {
                "offset": 0.6256316730174276,
                "slope": 1.249981178586372
            }
        }
    },
    "L1tkPhoton": {
        "Iso": {
            "barrel": {
                "offset": 3.0369903731119137,
                "slope": 1.0881296946413541
            },