{"max_depth": 4, "n_trees": 10, "n_classes": 2, "n_features": 11, "splitting_convention": "<","trees": [[{"feature": [1, 2, 0, 3, 0, 8, 2, 3, 5, 5, 1, 5, 2, 1, 1, -2, -2, -2, -2, -2, -2, -2, -2, -2, -2, -2, -2, -2, -2, -2, -2], "threshold": [0.140625, 0.264648438, 11.4795256, 3.5, 16.6602802, 8.5, 0.245117188, -2.5, 0.0630929098, 0.585964918, 0.109375, 0.594282091, 0.252929688, 0.171875, 0.171875, 0, 0, 0, 0, 0, 0, 0, 0, 0, 0, 0, 0, 0, 0, 0, 0], "children_left": [1, 3, 5, 7, 9, 11, 13, 15, 17, 19, 21, 23, 25, 27, 29, -1, -1, -1, -1, -1, -1, -1, -1, -1, -1, -1, -1, -1, -1, -1, -1], "children_right": [2, 4, 6, 8, 10, 12, 14, 16, 18, 20, 22, 24, 26, 28, 30, -1, -1, -1, -1, -1, -1, -1, -1, -1, -1, -1, -1, -1, -1, -1, -1], "value": [0, 0, 0, 0, 0, 0, 0, 0, 0, 0, 0, 0, 0, 0, 0, -0.415820152, 0.556879818, 0.25938049, -0.557010412, -0.523303628, 0.309383601, 0.345235407, -0.177057937, -0.577262163, -0.463166773, -0.295891047, -0.521123528, 0.248503745, -0.140788257, -0.208826631, -0.495121777], "parent": [-1, 0, 0, 1, 1, 2, 2, 3, 3, 4, 4, 5, 5, 6, 6, 7, 7, 8, 8, 9, 9, 10, 10, 11, 11, 12, 12, 13, 13, 14, 14], "depth": [0, 1, 1, 2, 2, 2, 2, 3, 3, 3, 3, 3, 3, 3, 3, 4, 4, 4, 4, 4, 4, 4, 4, 4, 4, 4, 4, 4, 4, 4, 4], "iLeaf": [15, 16, 17, 18, 19, 20, 21, 22, 23, 24, 25, 26, 27, 28, 29, 30]}], [{"feature": [1, 1, 0, 4, 0, 8, 2, 8, 3, 8, 6, 0, 3, 5, 5, -2, -2, -2, -2, -2, -2, -2, -2, -2, -2, -2, -2, -2, -2, -2, -2], "threshold": [0.140625, 0.109375, 12.9026089, -13.5, 15.8960209, 7.5, 0.256835938, 2.5, -2.5, 3.5, 19.5, 8.71144676, 2.5, 0.981220245, 1.01574898, 0, 0, 0, 0, 0, 0, 0, 0, 0, 0, 0, 0, 0, 0, 0, 0], "children_left": [1, 3, 5, 7, 9, 11, 13, 15, 17, 19, 21, 23, 25, 27, 29, -1, -1, -1, -1, -1, -1, -1, -1, -1, -1, -1, -1, -1, -1, -1, -1], "children_right": [2, 4, 6, 8, 10, 12, 14, 16, 18, 20, 22, 24, 26, 28, 30, -1, -1, -1, -1, -1, -1, -1, -1, -1, -1, -1, -1, -1, -1, -1, -1], "value": [0, 0, 0, 0, 0, 0, 0, 0, 0, 0, 0, 0, 0, 0, 0, -0.358234763, 0.404870719, -0.173584998, 0.459649861, -0.37743035, -0.0318962, 0.344911397, -0.540425003, -0.450546473, -0.387152672, -0.232723728, -0.485472769, 0.149142668, -0.281907678, -0.319123685, -0.469176918], "parent": [-1, 0, 0, 1, 1, 2, 2, 3, 3, 4, 4, 5, 5, 6, 6, 7, 7, 8, 8, 9, 9, 10, 10, 11, 11, 12, 12, 13, 13, 14, 14], "depth": [0, 1, 1, 2, 2, 2, 2, 3, 3, 3, 3, 3, 3, 3, 3, 4, 4, 4, 4, 4, 4, 4, 4, 4, 4, 4, 4, 4, 4, 4, 4], "iLeaf": [15, 16, 17, 18, 19, 20, 21, 22, 23, 24, 25, 26, 27, 28, 29, 30]}], [{"feature": [1, 2, 0, 0, 0, 8, 6, 1, 1, 0, 8, 5, 3, 2, 1, -2, -2, -2, -2, -2, -2, -2, -2, -2, -2, -2, -2, -2, -2, -2, -2], "threshold": [0.140625, 0.256835938, 9.48655319, 6.65358782, 30.484045, 9.5, 16.5, 0.109375, 0.109375, 11.8594818, 9.5, 0.701351345, -2.5, 0.260742188, 0.171875, 0, 0, 0, 0, 0, 0, 0, 0, 0, 0, 0, 0, 0, 0, 0, 0], "children_left": [1, 3, 5, 7, 9, 11, 13, 15, 17, 19, 21, 23, 25, 27, 29, -1, -1, -1, -1, -1, -1, -1, -1, -1, -1, -1, -1, -1, -1, -1, -1], "children_right": [2, 4, 6, 8, 10, 12, 14, 16, 18, 20, 22, 24, 26, 28, 30, -1, -1, -1, -1, -1, -1, -1, -1, -1, -1, -1, -1, -1, -1, -1, -1], "value": [0, 0, 0, 0, 0, 0, 0, 0, 0, 0, 0, 0, 0, 0, 0, 0.17315872, -0.212719589, 0.398817331, 0.243386999, -0.380143821, -0.169372901, 0.430269539, -0.376156092, -0.378161937, 0.694794357, -0.450359076, -0.180556566, 0.0424509495, -0.275738239, -0.161556199, -0.390238196], "parent": [-1, 0, 0, 1, 1, 2, 2, 3, 3, 4, 4, 5, 5, 6, 6, 7, 7, 8, 8, 9, 9, 10, 10, 11, 11, 12, 12, 13, 13, 14, 14], "depth": [0, 1, 1, 2, 2, 2, 2, 3, 3, 3, 3, 3, 3, 3, 3, 4, 4, 4, 4, 4, 4, 4, 4, 4, 4, 4, 4, 4, 4, 4, 4], "iLeaf": [15, 16, 17, 18, 19, 20, 21, 22, 23, 24, 25, 26, 27, 28, 29, 30]}], [{"feature": [1, 1, 0, 4, 0, 8, 2, 8, 2, 2, 5, 5, 3, 1, 6, -2, -2, -2, -2, -2, -2, -2, -2, -2, -2, -2, -2, -2, -2, -2, -2], "threshold": [0.140625, 0.109375, 7.69071722, -13.5, 14.5519686, 8.5, 0.254882812, 2.5, 0.256835938, 0.219726562, 0.951564014, 0.0752535984, -1.5, 0.171875, 16.5, 0, 0, 0, 0, 0, 0, 0, 0, 0, 0, 0, 0, 0, 0, 0, 0], "children_left": [1, 3, 5, 7, 9, 11, 13, 15, 17, 19, 21, 23, 25, 27, 29, -1, -1, -1, -1, -1, -1, -1, -1, -1, -1, -1, -1, -1, -1, -1, -1], "children_right": [2, 4, 6, 8, 10, 12, 14, 16, 18, 20, 22, 24, 26, 28, 30, -1, -1, -1, -1, -1, -1, -1, -1, -1, -1, -1, -1, -1, -1, -1, -1], "value": [0, 0, 0, 0, 0, 0, 0, 0, 0, 0, 0, 0, 0, 0, 0, -0.301308185, 0.304734617, 0.359152883, 0.0685707554, 0.139380425, -0.196517661, 0.26767078, -0.092287831, 0.0782259256, -0.350551367, -0.37530303, -0.175267071, 0.193004847, -0.116770878, -0.22124359, -0.341241091], "parent": [-1, 0, 0, 1, 1, 2, 2, 3, 3, 4, 4, 5, 5, 6, 6, 7, 7, 8, 8, 9, 9, 10, 10, 11, 11, 12, 12, 13, 13, 14, 14], "depth": [0, 1, 1, 2, 2, 2, 2, 3, 3, 3, 3, 3, 3, 3, 3, 4, 4, 4, 4, 4, 4, 4, 4, 4, 4, 4, 4, 4, 4, 4, 4], "iLeaf": [15, 16, 17, 18, 19, 20, 21, 22, 23, 24, 25, 26, 27, 28, 29, 30]}], [{"feature": [1, 3, 1, 3, 5, 3, 3, 5, 4, 10, 5, 3, 5, 3, 3, -2, -2, -2, -2, -2, -2, -2, -2, -2, -2, -2, -2, -2, -2, -2, -2], "threshold": [0.109375, 4.5, 0.171875, -2.5, 0.0630929098, 2.5, 2.5, 0.0503542498, -26.5, 1.5, 0.0889862627, -1.5, 0.0574394017, -2.5, 3.5, 0, 0, 0, 0, 0, 0, 0, 0, 0, 0, 0, 0, 0, 0, 0, 0], "children_left": [1, 3, 5, 7, 9, 11, 13, 15, 17, 19, 21, 23, 25, 27, 29, -1, -1, -1, -1, -1, -1, -1, -1, -1, -1, -1, -1, -1, -1, -1, -1], "children_right": [2, 4, 6, 8, 10, 12, 14, 16, 18, 20, 22, 24, 26, 28, 30, -1, -1, -1, -1, -1, -1, -1, -1, -1, -1, -1, -1, -1, -1, -1, -1], "value": [0, 0, 0, 0, 0, 0, 0, 0, 0, 0, 0, 0, 0, 0, 0, 0.528415024, -0.341509908, -0.224257782, 0.332276493, 0.414823771, -0.166062027, -0.161982179, -0.427514702, -0.287400812, 0.144089252, 0.727860332, -0.371313125, -0.353289098, -0.11641188, -0.313981056, -0.364676535], "parent": [-1, 0, 0, 1, 1, 2, 2, 3, 3, 4, 4, 5, 5, 6, 6, 7, 7, 8, 8, 9, 9, 10, 10, 11, 11, 12, 12, 13, 13, 14, 14], "depth": [0, 1, 1, 2, 2, 2, 2, 3, 3, 3, 3, 3, 3, 3, 3, 4, 4, 4, 4, 4, 4, 4, 4, 4, 4, 4, 4, 4, 4, 4, 4], "iLeaf": [15, 16, 17, 18, 19, 20, 21, 22, 23, 24, 25, 26, 27, 28, 29, 30]}], [{"feature": [1, 4, 2, 8, 10, 3, 2, 0, 4, 2, -2, 3, 3, 0, 0, -2, -2, -2, -2, -2, -2, -2, -2, -2, -2, -2, -2, -2, -2, -2, -2], "threshold": [0.109375, -13.5, 0.262695312, 2.5, 6.5, 1.5, 0.290039062, 6.54269695, -39.5, 0.252929688, 0, -2.5, 3.5, 9.02065659, 47.6570053, 0, 0, 0, 0, 0, 0, 0, 0, 0, 0, 0, 0, 0, 0, -2.0, -2.0], "children_left": [1, 3, 5, 7, 9, 11, 13, 15, 17, 19, 29, 21, 23, 25, 27, -1, -1, -1, -1, -1, -1, -1, -1, -1, -1, -1, -1, -1, -1, -1, -1], "children_right": [2, 4, 6, 8, 10, 12, 14, 16, 18, 20, 30, 22, 24, 26, 28, -1, -1, -1, -1, -1, -1, -1, -1, -1, -1, -1, -1, -1, -1, -1, -1], "value": [0, 0, 0, 0, 0, 0, 0, 0, 0, 0, -1.20732594, 0, 0, 0, 0, -0.0745446905, -0.490941644, -0.30292502, 0.351926744, 0.317744046, 0.0299588144, -0.341244638, 0.0837424397, -0.1667739, -0.344421178, -0.299592078, -0.171457857, -0.324574828, 0.0762122124, -1.20732594, -1.20732594], "parent": [-1, 0, 0, 1, 1, 2, 2, 3, 3, 4, 4, 5, 5, 6, 6, 7, 7, 8, 8, 9, 9, 11, 11, 12, 12, 13, 13, 14, 14, 10, 10], "depth": [0, 1, 1, 2, 2, 2, 2, 3, 3, 3, 3, 3, 3, 3, 3, 4, 4, 4, 4, 4, 4, 4, 4, 4, 4, 4, 4, 4, 4, 4, 4], "iLeaf": [15, 16, 17, 18, 19, 20, 21, 22, 23, 24, 25, 26, 27, 28, 29, 30]}], [{"feature": [1, 0, 2, 5, 2, 0, 0, 0, 8, 10, 3, 8, 5, 5, 6, -2, -2, -2, -2, -2, -2, -2, -2, -2, -2, -2, -2, -2, -2, -2, -2], "threshold": [0.109375, 7.04383469, 0.254882812, 0.0827398598, 0.280273438, 14.939868, 9.47421837, 2.81626415, 9.5, 3.5, 1.5, 3.5, 1.05517507, 0.057422813, 16.5, 0, 0, 0, 0, 0, 0, 0, 0, 0, 0, 0, 0, 0, 0, 0, 0], "children_left": [1, 3, 5, 7, 9, 11, 13, 15, 17, 19, 21, 23, 25, 27, 29, -1, -1, -1, -1, -1, -1, -1, -1, -1, -1, -1, -1, -1, -1, -1, -1], "children_right": [2, 4, 6, 8, 10, 12, 14, 16, 18, 20, 22, 24, 26, 28, 30, -1, -1, -1, -1, -1, -1, -1, -1, -1, -1, -1, -1, -1, -1, -1, -1],