{"max_depth": 3, "n_trees": 10, "n_classes": 2, "n_features": 10, "trees": [[{"feature": [0, 2, 0, 1, 1, 1, 0, -2, -2, -2, -2, -2, -2, -2, -2], "threshold": [0.000703328056, 0.332558006, 0.000770003942, 0.000253851322, 0.000915614248, 0.000717727817, 0.000839613494, 0, 0, 0, 0, 0, 0, 0, 0], "children_left": [1, 3, 5, 7, 9, 11, 13, -1, -1, -1, -1, -1, -1, -1, -1], "children_right": [2, 4, 6, 8, 10, 12, 14, -1, -1, -1, -1, -1, -1, -1, -1], "value": [0, 0, 0, 0, 0, 0, 0, 0.0352521278, 0.590574145, -0.54147464, 0.185335979, -0.503847778, 0.257735074, -0.503176689, -0.595144987], "parent": [-1, 0, 0, 1, 1, 2, 2, 3, 3, 4, 4, 5, 5, 6, 6], "depth": [0, 1, 1, 2, 2, 2, 2, 3, 3, 3, 3, 3, 3, 3, 3], "iLeaf": [7, 8, 9, 10, 11, 12, 13, 14]}], [{"feature": [0, 2, 0, 1, 1, 1, 5, -2, -2, -2, -2, -2, -2, -2, -2], "threshold": [0.000697391108, 0.340182066, 0.000747981714, 0.000371906266, 0.00168169127, 0.000789736281, 0.0738627762, 0, 0, 0, 0, 0, 0, 0, 0], "children_left": [1, 3, 5, 7, 9, 11, 13, -1, -1, -1, -1, -1, -1, -1, -1], "children_right": [2, 4, 6, 8, 10, 12, 14, -1, -1, -1, -1, -1, -1, -1, -1], "value": [0, 0, 0, 0, 0, 0, 0, 0.0733107328, 0.458879024, -0.396272093, 0.309196174, -0.360979736, 0.275205106, -0.349665552, -0.460340261], "parent": [-1, 0, 0, 1, 1, 2, 2, 3, 3, 4, 4, 5, 5, 6, 6], "depth": [0, 1, 1, 2, 2, 2, 2, 3, 3, 3, 3, 3, 3, 3, 3], "iLeaf": [7, 8, 9, 10, 11, 12, 13, 14]}], [{"feature": [0, 1, 1, 4, 2, 5, 5, -2, -2, -2, -2, -2, -2, -2, -2], "threshold": [0.000694462447, 0.000501940958, 0.00114817475, 0.000432471978, 0.370490968, 0.0738627762, 0.0940087885, 0, 0, 0, 0, 0, 0, 0, 0], "children_left": [1, 3, 5, 7, 9, 11, 13, -1, -1, -1, -1, -1, -1, -1, -1], "children_right": [2, 4, 6, 8, 10, 12, 14, -1, -1, -1, -1, -1, -1, -1, -1], "value": [0, 0, 0, 0, 0, 0, 0, 0.380878597, -0.283362597, 0.397695929, -0.294095337, -0.280492604, -0.399287552, 0.310794801, -0.362855673], "parent": [-1, 0, 0, 1, 1, 2, 2, 3, 3, 4, 4, 5, 5, 6, 6], "depth": [0, 1, 1, 2, 2, 2, 2, 3, 3, 3, 3, 3, 3, 3, 3], "iLeaf": [7, 8, 9, 10, 11, 12, 13, 14]}], [{"feature": [0, 2, 0, 3, 1, 2, 0, -2, -2, -2, -2, -2, -2, -2, -2], "threshold": [0.000709932996, 0.321239412, 0.000803797971, 0.602574646, 0.00082699745, 0.336098373, 0.000910258619, 0, 0, 0, 0, 0, 0, 0, 0], "children_left": [1, 3, 5, 7, 9, 11, 13, -1, -1, -1, -1, -1, -1, -1, -1], "children_right": [2, 4, 6, 8, 10, 12, 14, -1, -1, -1, -1, -1, -1, -1, -1], "value": [0, 0, 0, 0, 0, 0, 0, 0.353067011, -0.383320004, -0.345221847, 0.114074722, 0.156569079, -0.339963675, -0.309075147, -0.367914289], "parent": [-1, 0, 0, 1, 1, 2, 2, 3, 3, 4, 4, 5, 5, 6, 6], "depth": [0, 1, 1, 2, 2, 2, 2, 3, 3, 3, 3, 3, 3, 3, 3], "iLeaf": [7, 8, 9, 10, 11, 12, 13, 14]}], [{"feature": [0, 1, 1, 4, 2, 7, 2, -2, -2, -2, -2, -2, -2, -2, -2], "threshold": [0.000687893422, 0.000643459614, 0.000599945546, 0.000337057747, 0.358681321, 0.0250910092, 0.343107432, 0, 0, 0, 0, 0, 0, 0, 0], "children_left": [1, 3, 5, 7, 9, 11, 13, -1, -1, -1, -1, -1, -1, -1, -1], "children_right": [2, 4, 6, 8, 10, 12, 14, -1, -1, -1, -1, -1, -1, -1, -1], "value": [0, 0, 0, 0, 0, 0, 0, 0.349036545, -0.16346851, 0.341645479, -0.123347722, -0.342872322, -0.239095137, 0.228956148, -0.307008922], "parent": [-1, 0, 0, 1, 1, 2, 2, 3, 3, 4, 4, 5, 5, 6, 6], "depth": [0, 1, 1, 2, 2, 2, 2, 3, 3, 3, 3, 3, 3, 3, 3], "iLeaf": [7, 8, 9, 10, 11, 12, 13, 14]}], [{"feature": [0, 1, 0, 4, 2, 1, 0, -2, -2, -2, -2, -2, -2, -2, -2], "threshold": [0.000722329598, 0.000350446324, 0.000839613494, 0.000351717492, 0.365002632, 0.00043548242, 0.000917885685, 0, 0, 0, 0, 0, 0, 0, 0], "children_left": [1, 3, 5, 7, 9, 11, 13, -1, -1, -1, -1, -1, -1, -1, -1], "children_right": [2, 4, 6, 8, 10, 12, 14, -1, -1, -1, -1, -1, -1, -1, -1], "value": [0, 0, 0, 0, 0, 0, 0, 0.253911734, -0.244474351, 0.316286922, -0.238444999, -0.279888034, 0.0941597223, -0.259838462, -0.331297874], "parent": [-1, 0, 0, 1, 1, 2, 2, 3, 3, 4, 4, 5, 5, 6, 6], "depth": [0, 1, 1, 2, 2, 2, 2, 3, 3, 3, 3, 3, 3, 3, 3], "iLeaf": [7, 8, 9, 10, 11, 12, 13, 14]}], [{"feature": [0, 3, 5, 8, 3, 1, 1, -2, -2, -2, -2, -2, -2, -2, -2], "threshold": [0.000677733915, 0.438798308, 0.0826261193, 0.850980401, 0.592054725, 0.00032415273, 0.00283236895, 0, 0, 0, 0, 0, 0, 0, 0], "children_left": [1, 3, 5, 7, 9, 11, 13, -1, -1, -1, -1, -1, -1, -1, -1], "children_right": [2, 4, 6, 8, 10, 12, 14, -1, -1, -1, -1, -1, -1, -1, -1], "value": [0, 0, 0, 0, 0, 0, 0, -0.413880289, 0.257492244, 0.303176314, -0.260525465, -0.260994583, 0.136501729, -0.314218611, 0.153914765], "parent": [-1, 0, 0, 1, 1, 2, 2, 3, 3, 4, 4, 5, 5, 6, 6], "depth": [0, 1, 1, 2, 2, 2, 2, 3, 3, 3, 3, 3, 3, 3, 3], "iLeaf": [7, 8, 9, 10, 11, 12, 13, 14]}], [{"feature": [1, 0, 2, 2, 0, 5, 2, -2, -2, -2, -2, -2, -2, -2, -2], "threshold": [0.00122120825, 0.000803797971, 0.33025986, 0.301885217, 0.000917885685, 0.133645415, 0.387662947, 0, 0, 0, 0, 0, 0, 0, 0], "children_left": [1, 3, 5, 7, 9, 11, 13, -1, -1, -1, -1, -1, -1, -1, -1], "children_right": [2, 4, 6, 8, 10, 12, 14, -1, -1, -1, -1, -1, -1, -1, -1], "value": [0, 0, 0, 0, 0, 0, 0, 0.145611659, -0.207396939, -0.205260798, -0.312455952, 0.311472386, -0.278300524, -0.0131324222, -0.31602335], "parent": [-1, 0, 0, 1, 1, 2, 2, 3, 3, 4, 4, 5, 5, 6, 6], "depth": [0, 1, 1, 2, 2, 2, 2, 3, 3, 3, 3, 3, 3, 3, 3], "iLeaf": [7, 8, 9, 10, 11, 12, 13, 14]}], [{"feature": [1, 5, 2, 2, 5, 0, 4, -2, -2, -2, -2, -2, -2, -2, -2], "threshold": [0.00148988748, 0.0920395404, 0.357989103, 0.310617983, 0.116608188, 0.00109421043, 0.00491232192, 0, 0, 0, 0, 0, 0, 0, 0], "children_left": [1, 3, 5, 7, 9, 11, 13, -1, -1, -1, -1, -1, -1, -1, -1], "children_right": [2, 4, 6, 8, 10, 12, 14, -1, -1, -1, -1, -1, -1, -1, -1], "value": [0, 0, 0, 0, 0, 0, 0, 0.13668026, -0.192945674, -0.225791544, -0.311047494, 0.302013129, -0.30914408, -0.0594445392, -0.352083832], "parent": [-1, 0, 0, 1, 1, 2, 2, 3, 3, 4, 4, 5, 5, 6, 6], "depth": [0, 1, 1, 2, 2, 2, 2, 3, 3, 3, 3, 3, 3, 3, 3], "iLeaf": [7, 8, 9, 10, 11, 12, 13, 14]}], [{"feature": [1, 7, 2, 4, 0, 5, 2, -2, -2, -2, -2, -2, -2, -2, -2], "threshold": [0.000719727308, 0.0146044344, 0.315754294, 0.000207430043, 0.000914971635, 0.114892721, 0.404698849, 0, 0, 0, 0, 0, 0, 0, 0], "children_left": [1, 3, 5, 7, 9, 11, 13, -1, -1, -1, -1, -1, -1, -1, -1], "children_right": [2, 4, 6, 8, 10, 12, 14, -1, -1, -1, -1, -1, -1, -1, -1], "value": [0, 0, 0, 0, 0, 0, 0, 0.209280849, -0.279667407, 0.159891739, -0.288006365, 0.288983703, -0.244072288, 0.0150486836, -0.272770345], "parent": [-1, 0, 0, 1, 1, 2, 2, 3, 3, 4, 4, 5, 5, 6, 6], "depth": [0, 1, 1, 2, 2, 2, 2, 3, 3, 3, 3, 3, 3, 3, 3], "iLeaf": [7, 8, 9, 10, 11, 12, 13, 14]}]], "init_predict": [0, 0], "norm": 1}