{"pt": {
        "mean" : 6.07127,
        "std"  : 8.09958 },

"eta": {
        "mean" : 1.43884,
        "std"  : 0.31367 },

"showerlength": {
        "mean" : 31.2058,
        "std"  : 7.66842 },

"coreshowerlength": {
        "mean" : 10.0995,
        "std"  : 2.73062 },

"spptot": {
        "mean" : 0.02386,
        "std"  : 0.01521 },

"szz": {
        "mean" : 19.5851,
        "std"  : 12.7077 },

"srrtot": {
        "mean" : 0.00606,
        "std"  : 0.00129 },

"meanz": {
        "mean" : 215.552,
        "std"  : 104.794  }
}