{
 "n_classes": 2,
 "n_features": 11,
 "n_trees": 15,
 "max_depth": 6,
 "init_predict": [
  0
 ],
 "norm": 1,
 "library": "xgboost",
 "splitting_convention": "<",
 "trees": [
  [
   {
    "feature": [
     5,
     9,
     3,
     0,
     -2,
     -2,
     -2,
     2,
     -2,
     3,
     -2,
     1,
     -2,
     6,
     -2,
     -2,
     -2
    ],
    "threshold": [
     0.164055288,
     0.01171875,
     0.0123493839,
     14.0,
     0.0,
     0.0,
     0.0,
     0.0274606608,
     0.0,
     0.0219627656,
     0.0,
     340.124542,
     0.0,
     0.813289344,
     0.0,
     0.0,
     0.0
    ],
    "value": [
     38604.4219,
     4003.9248,
     5890.86133,
     4482.98828,
     -0.0,
     -0.0,
     -0.413101315,
     1232.50195,
     -0.0,
     269.054688,
     -0.0,
     206.033203,
     -0.0,
     136.851562,
     -0.0,
     -0.0,
     0.339687645
    ],
    "children_left": [
     1,
     3,
     5,
     7,
     -1,
     -1,
     -1,
     9,
     -1,
     11,
     -1,
     13,
     -1,
     15,
     -1,
     -1,
     -1
    ],
    "children_right": [
     2,
     4,
     6,
     8,
     -1,
     -1,
     -1,
     10,
     -1,
     12,
     -1,
     14,
     -1,
     16,
     -1,
     -1,
     -1
    ]
   }
  ],
  [
   {
    "feature": [
     5,
     9,
     8,
     0,
     -2,
     -2,
     3,
     2,
     -2,
     -2,
     7,
     10,
     -2,
     -2,
     -2,
     1,
     -2,
     6,
     -2,
     -2,
     3,
     -2,
     -2
    ],
    "threshold": [
     0.265116304,
     0.01171875,
     1.69166672,
     14.0,
     0.0,
     0.0,
     0.00847513601,
     0.0274606608,
     0.0,
     0.0,
     0.0573248416,
     0.1640625,
     0.0,
     0.0,
     0.0,
     341.414093,
     0.0,
     0.630851388,
     0.0,
     0.0,
     0.0223735124,
     0.0,
     0.0
    ],
    "value": [
     20439.0117,
     4340.06641,
     1950.87988,
     1682.08008,
     -0.0,
     -0.0,
     503.689453,
     928.186523,
     -0.0,
     -0.0,
     173.677734,
     217.001953,
     -0.0,
     -0.0,
     -0.311901987,
     180.660156,
     -0.0,
     147.53125,
     -0.0,
     -0.0,
     72.4794922,
     0.272224069,
     -0.0
    ],
    "children_left": [
     1,
     3,
     5,
     7,
     -1,
     -1,
     9,
     11,
     -1,
     -1,
     13,
     15,
     -1,
     -1,
     -1,
     17,
     -1,
     19,
     -1,
     -1,
     21,
     -1,
     -1
    ],
    "children_right": [
     2,
     4,
     6,
     8,
     -1,
     -1,
     10,
     12,
     -1,
     -1,
     14,
     16,
     -1,
     -1,
     -1,
     18,
     -1,
     20,
     -1,
     -1,
     22,
     -1,
     -1
    ]
   }
  ],
  [
   {
    "feature": [
     5,
     9,
     3,
     0,
     -2,
     -2,
     8,
     10,
     -2,
     -2,
     -2,
     1,
     -2,
     2,
     -2,
     6,
     -2,
     -2,
     -2
    ],
    "threshold": [
     0.161471009,
     0.01171875,
     0.0101080667,
     14.0,
     0.0,
     0.0,
     1.62601626,
     0.044921875,
     0.0,
     0.0,
     0.0,
     339.881287,
     0.0,
     0.0274606608,
     0.0,
     0.813289344,
     0.0,
     0.0,
     0.0
    ],
    "value": [
     11324.6855,
     1803.53442,
     2952.97754,
     1867.57617,
     -0.0,
     -0.0,
     395.777344,
     756.441895,
     -0.0,
     -0.0,
     -0.265379429,
     125.696777,
     -0.0,
     77.4101562,
     -0.0,
     41.9682617,
     -0.0,
     -0.0,
     0.215364575
    ],
    "children_left": [
     1,
     3,
     5,
     7,
     -1,
     -1,
     9,
     11,
     -1,
     -1,
     -1,
     13,
     -1,
     15,
     -1,
     17,
     -1,
     -1,
     -1
    ],
    "children_right": [
     2,
     4,
     6,
     8,
     -1,
     -1,
     10,
     12,
     -1,
     -1,
     -1,
     14,
     -1,
     16,
     -1,
     18,
     -1,
     -1,
     -1
    ]
   }
  ],
  [
   {
    "feature": [
     4,
     6,
     10,
     -2,
     9,
     -2,
     7,
     2,
     -2,
     -2,
     5,
     10,
     -2,
     -2,
     8,
     -2,
     -2,
     1,
     -2,
     -2,
     -2
    ],
    "threshold": [
     7.46653652,
     0.657746851,
     0.005859375,
     0.0,
     0.015625,
     0.0,
     0.067605637,
     0.0274606608,
     0.0,
     0.0,
     0.00501553435,
     0.20703125,
     0.0,
     0.0,
     20.59091,
     0.0,
     0.0,
     332.492004,
     0.0,
     0.0,
     0.0
    ],
    "value": [
     7672.11768,
     2699.30322,
     1033.02979,
     -0.0,
     1135.88379,
     -0.0,
     879.093262,
     520.490234,
     -0.0,
     -0.0,
     156.299805,
     138.101562,
     -0.0,
     -0.0,
     59.8510742,
     0.202783808,
     -0.0,
     25.7583008,
     -0.0,
     -0.0,
     -0.206209406
    ],
    "children_left": [
     1,
     3,
     5,
     -1,
     7,
     -1,
     9,
     11,
     -1,
     -1,
     13,
     15,
     -1,
     -1,
     17,
     -1,
     -1,
     19,
     -1,
     -1,
     -1
    ],
    "children_right": [
     2,
     4,
     6,
     -1,
     8,
     -1,
     10,
     12,
     -1,
     -1,
     14,
     16,
     -1,
     -1,
     18,
     -1,
     -1,
     20,
     -1,
     -1,
     -1
    ]
   }
  ],
  [
   {
    "feature": [
     5,
     1,
     3,
     2,
     -2,
     -2,
     8,
     4,
     -2,
     -2,
     7,
     -2,
     -2,
     -2,
     1,
     -2,
     10,
     -2,
     -2
    ],
    "threshold": [
     0.0272826888,
     336.296021,
     0.00983587094,
     0.0293452945,
     0.0,
     0.0,
     1.38590598,
     5.11244154,
     0.0,
     0.0,
     0.0369127505,
     0.0,
     0.0,
     0.0,
     333.479736,
     0.0,
     0.001953125,
     0.0,
     0.0
    ],
    "value": [
     3926.73047,
     2059.0127,
     2629.99292,
     250.240479,
     -0.0,
     -0.0,
     919.466309,
     152.964844,
     -0.0,
     -0.0,
     301.030762,
     -0.0,
     0.182906553,
     -0.0,
     275.119141,
     -0.0,
     9.89550781,
     -0.0,
     -0.195265099
    ],
    "children_left": [
     1,
     3,
     5,
     7,
     -1,
     -1,
     9,
     11,
     -1,
     -1,
     13,
     -1,
     -1,
     -1,
     15,
     -1,
     17,
     -1,
     -1
    ],
    "children_right": [
     2,
     4,
     6,
     8,
     -1,
     -1,
     10,
     12,
     -1,
     -1,
     14,
     -1,
     -1,
     -1,
     16,
     -1,
     18,
     -1,
     -1
    ]
   }
  ],
  [
   {
    "feature": [
     6,
     8,
     9,
     -2,
     3,
     2,
     -2,
     -2,
     -2,
     1,
     -2,
     3,
     -2,
     -2,
     -2
    ],
    "threshold": [
     0.533159256,
     0.456845224,
     0.01171875,
     0.0,
     0.00835933909,
     0.0213147607,
     0.0,
     0.0,
     0.0,
     339.881287,
     0.0,
     0.0208359472,
     0.0,
     0.0,
     0.0
    ],
    "value": [
     2817.33984,
     137.251465,
     1118.28833,
     -0.0,
     83.479248,
     1077.78003,
     -0.0,
     -0.0,
     -0.1386071,
     769.426758,
     -0.0,
     13.831543,
     -0.0,
     0.142406166,
     -0.0
    ],
    "children_left": [
     1,
     3,
     5,
     -1,
     7,
     9,
     -1,
     -1,
     -1,
     11,
     -1,
     13,
     -1,
     -1,
     -1
    ],
    "children_right": [
     2,
     4,
     6,
     -1,
     8,
     10,
     -1,
     -1,
     -1,
     12,
     -1,
     14,
     -1,
     -1,
     -1
    ]
   }
  ],
  [
   {
    "feature": [
     6,
     3,
     10,
     -2,
     0,
     9,
     -2,
     -2,
     5,
     1,
     -2,
     -2,
     -2,
     3,
     -2,
     -2,
     -2
    ],
    "threshold": [
     0.837799788,
     0.0123493839,
     0.044921875,
     0.0,
     10.0,
     0.01953125,
     0.0,
     0.0,
     0.161471009,
     336.296021,
     0.0,
     0.0,
     0.0,
     0.0221207198,
     0.0,
     0.0,
     0.0
    ],
    "value": [
     1799.64966,
     928.999512,
     746.677185,
     -0.0,
     65.5406494,
     430.575195,
     -0.0,
     -0.0,
     29.3989258,
     362.187866,
     -0.0,
     -0.0,
     -0.127001375,
     16.720459,
     -0.0,
     0.132314339,
     -0.0
    ],