{"eta_l":{"0":1.52,"1":1.52,"2":1.52,"3":1.52,"4":1.52,"5":1.52,"6":1.52,"7":1.7,"8":1.7,"9":1.7,"10":1.7,"11":1.7,"12":1.7,"13":1.7,"14":1.9,"15":1.9,"16":1.9,"17":1.9,"18":1.9,"19":1.9,"20":1.9,"21":2.1,"22":2.1,"23":2.1,"24":2.1,"25":2.1,"26":2.1,"27":2.1,"28":2.4,"29":2.4,"30":2.4,"31":2.4,"32":2.4,"33":2.4,"34":2.4},"eta_h":{"0":1.7,"1":1.7,"2":1.7,"3":1.7,"4":1.7,"5":1.7,"6":1.7,"7":1.9,"8":1.9,"9":1.9,"10":1.9,"11":1.9,"12":1.9,"13":1.9,"14":2.1,"15":2.1,"16":2.1,"17":2.1,"18":2.1,"19":2.1,"20":2.1,"21":2.4,"22":2.4,"23":2.4,"24":2.4,"25":2.4,"26":2.4,"27":2.4,"28":2.8,"29":2.8,"30":2.8,"31":2.8,"32":2.8,"33":2.8,"34":2.8},"pt_l":{"0":4.0,"1":10.0,"2":16.0,"3":22.0,"4":28.0,"5":34.0,"6":40.0,"7":4.0,"8":10.0,"9":16.0,"10":22.0,"11":28.0,"12":34.0,"13":40.0,"14":4.0,"15":10.0,"16":16.0,"17":22.0,"18":28.0,"19":34.0,"20":40.0,"21":4.0,"22":10.0,"23":16.0,"24":22.0,"25":28.0,"26":34.0,"27":40.0,"28":4.0,"29":10.0,"30":16.0,"31":22.0,"32":28.0,"33":34.0,"34":40.0},"pt_h":{"0":10.0,"1":16.0,"2":22.0,"3":28.0,"4":34.0,"5":40.0,"6":100.0,"7":10.0,"8":16.0,"9":22.0,"10":28.0,"11":34.0,"12":40.0,"13":100.0,"14":10.0,"15":16.0,"16":22.0,"17":28.0,"18":34.0,"19":40.0,"20":100.0,"21":10.0,"22":16.0,"23":22.0,"24":28.0,"25":34.0,"26":40.0,"27":100.0,"28":10.0,"29":16.0,"30":22.0,"31":28.0,"32":34.0,"33":40.0,"34":100.0},"calib":{"0":0.781180458,"1":0.8757045734,"2":0.9345304925,"3":0.9570185807,"4":0.949534431,"5":0.9507192889,"6":0.9667923344,"7":0.8513474654,"8":0.9050018099,"9":0.93,"10":0.9298693439,"11":0.9484821791,"12":0.9458081705,"13":0.9601151301,"14":0.8652961403,"15":0.910329904,"16":0.9258969437,"17":0.93706504,"18":0.9420715067,"19":0.9399362027,"20":0.9578185647,"21":0.8637430213,"22":0.9080246025,"23":0.9175739403,"24":0.9264721776,"25":0.9385671802,"26":0.9401631075,"27":0.9606143525,"28":0.8574439563,"29":0.8939776511,"30":0.9143750216,"31":0.9295711103,"32":0.9326748977,"33":0.9412633665,"34":0.9580564903}}
