{
    "ScaleFactor_GsfTracking_80X": {
        "eta_ratio": {
            "pt:[-2.5,-2.4]": {
                "value": 1.17033779621,
                "error": 0.00966551605155
            },
            "pt:[-2.4,-2.3]": {
                "value": 1.00851964951,
                "error": 0.0120180752797
            },
            "pt:[-2.3,-2.2]": {
                "value": 1.01047122478,
                "error": 0.00858740353087
            },
            "pt:[-2.2,-2.0]": {
                "value": 1.00518667698,
                "error": 0.00814728627506
            },
            "pt:[-2.0,-1.8]": {
                "value": 0.997931718826,
                "error": 0.00754439383153
            },
            "pt:[-1.8,-1.63]": {
                "value": 0.991701245308,
                "error": 0.00761482181438
            },
            "pt:[-1.63,-1.566]": {
                "value": 0.986486494541,
                "error": 0.00699237147751
            },
            "pt:[-1.566,-1.444]": {
                "value": 0.961581945419,
                "error": 0.0185147427827
            },
            "pt:[-1.444,-1.2]": {
                "value": 0.986666679382,
                "error": 0.00602467927595
            },
            "pt:[-1.2,-1.0]": {
                "value": 0.977505087852,
                "error": 0.00696244378321
            },
            "pt:[-1.0,-0.6]": {
                "value": 0.969387769699,
                "error": 0.00597083652462
            },
            "pt:[-0.6,-0.4]": {
                "value": 0.966360867023,
                "error": 0.00662906187384
            },
            "pt:[-0.4,-0.2]": {
                "value": 0.963302731514,
                "error": 0.00634911623481
            },
            "pt:[-0.2,0.0]": {
                "value": 0.959999978542,
                "error": 0.00656714242852
            },
            "pt:[0.0,0.2]": {
                "value": 0.966188549995,
                "error": 0.00656714242852
            },
            "pt:[0.2,0.4]": {
                "value": 0.979633390903,
                "error": 0.00634911623481
            },
            "pt:[0.4,0.6]": {
                "value": 0.97657841444,
                "error": 0.00662906187384
            },
            "pt:[0.6,1.0]": {
                "value": 0.980651736259,
                "error": 0.00597083652462
            },
            "pt:[1.0,1.2]": {
                "value": 0.986734688282,
                "error": 0.00696244378321
            },
            "pt:[1.2,1.444]": {
                "value": 0.986680328846,
                "error": 0.00602467927595
            },
            "pt:[1.444,1.566]": {
                "value": 0.97072070837,
                "error": 0.0185147427827
            },
            "pt:[1.566,1.63]": {
                "value": 0.989669442177,
                "error": 0.00699237147751
            },
            "pt:[1.63,1.8]": {
                "value": 0.995872020721,
                "error": 0.00783567518045
            },
            "pt:[1.8,2.0]": {
                "value": 0.989733040333,
                "error": 0.00748700426914
            },
            "pt:[2.0,2.2]": {
                "value": 0.994861245155,
                "error": 0.00819214392783
            },
            "pt:[2.2,2.3]": {
                "value": 0.992768585682,
                "error": 0.00850433923519
            },
            "pt:[2.3,2.4]": {
                "value": 0.966631889343,
                "error": 0.0119340516369
            },
            "pt:[2.4,2.5]": {
                "value": 0.884020626545,
                "error": 0.00953672422569
            }
        }
    }
}