{
    "ScaleFactor_MuonTrkHIP_80X_eta": {
        "eta_ratio": {
            "pt:[-2.1,-1.6]": {
                "value": 0.991746789037933, 
                "error": 0.0003378682329545674
            }, 
            "pt:[0.0,0.6]": {
                "value": 0.9946801436619914, 
                "error": 0.00010201772550090514
            }, 
            "pt:[0.6,1.1]": {
                "value": 0.9966663893489248, 
                "error": 0.00012357801448786008
            }, 
            "pt:[-0.6,0.0]": {
                "value": 0.991460688530867, 
                "error": 0.00011628083838031476
            }, 
            "pt:[-2.4,-2.1]": {
                "value": 0.9823990091868535, 
                "error": 0.002096896192592792
            }, 
            "pt:[2.1,2.4]": {
                "value": 0.9768119194578752, 
                "error": 0.001607230904682217
            }, 
            "pt:[1.1,1.6]": {
                "value": 0.9949338924272406, 
                "error": 0.00024876350351999045
            }, 
            "pt:[-1.6,-1.1]": {
                "value": 0.9959449610923768, 
                "error": 0.00022665336166622027
            }, 
            "pt:[-1.1,-0.6]": {
                "value": 0.9934131425413695, 
                "error": 0.0001451441029422104
            }, 
            "pt:[1.6,2.1]": {
                "value": 0.9911866072073229, 
                "error": 0.0003037474654531852
            }
        }
    }, 
    "ScaleFactor_MuonTrkHIP_80X_vtx": {
        "vtx_ratio": {
            "pt:[2.5,4.5]": {
                "value": 0.999920214767001, 
                "error": 0.00042853030387159227
            }, 
            "pt:[6.5,8.5]": {
                "value": 0.9982342147258637, 
                "error": 0.0001620339667773367
            }, 
            "pt:[12.5,14.5]": {
                "value": 0.9948963461463511, 
                "error": 0.00013576856835850534
            }, 
            "pt:[30.5,35.5]": {
                "value": 0.974846792845449, 
                "error": 0.003179811862029082
            }, 
            "pt:[0.5,2.5]": {
                "value": 1.0004798052361104, 
                "error": 0.0008403697044378755
            }, 
            "pt:[8.5,10.5]": {
                "value": 0.9975031801296728, 
                "error": 0.00013422413862064728
            }, 
            "pt:[20.5,22.5]": {
                "value": 0.9874692986592328, 
                "error": 0.000357930820379183
            }, 
            "pt:[22.5,24.5]": {
                "value": 0.9851116573528651, 
                "error": 0.0005250424905995817
            }, 
            "pt:[4.5,6.5]": {
                "value": 0.9985788158229125, 
                "error": 0.00022899051953681587
            }, 
            "pt:[16.5,18.5]": {
                "value": 0.9914478727673075, 
                "error": 0.00019339780449378717
            }, 
            "pt:[24.5,26.5]": {
                "value": 0.9816684225029925, 
                "error": 0.000831522612380613
            }, 
            "pt:[18.5,20.5]": {
                "value": 0.9900312276935759, 
                "error": 0.0002543628648354377
            }, 
            "pt:[10.5,12.5]": {
                "value": 0.9960251307268531, 
                "error": 0.00012900880002101467
            }, 
            "pt:[26.5,28.5]": {
                "value": 0.9778868570004303, 
                "error": 0.0013837661058899858
            }, 
            "pt:[28.5,30.5]": {
                "value": 0.9783941814719148, 
                "error": 0.0021601568500164447
            }, 
            "pt:[14.5,16.5]": {
                "value": 0.9931570155697589, 
                "error": 0.00015574128262021316
            }
        }
    }
}