{
    "MuonTrigger_data_all_IsoMu22_OR_IsoTkMu22_pteta_Run2016B_beforeL2Fix": {
        "abseta_pt_MC": {
            "abseta:[0.0,0.9]": {
                "pt:[30.0,40.0]": {
                    "value": 0.89403849840164185, 
                    "error": 0.0011531308719981213
                }, 
                "pt:[200.0,500.0]": {
                    "value": 0.88524633646011353, 
                    "error": 0.074527479653767631
                }, 
                "pt:[60.0,120.0]": {
                    "value": 0.90785282850265503, 
                    "error": 0.0028334741853871929
                }, 
                "pt:[120.0,200.0]": {
                    "value": 0.89907646179199219, 
                    "error": 0.017930466544379995
                }, 
                "pt:[50.0,60.0]": {
                    "value": 0.91285419464111328, 
                    "error": 0.0020052287219275758
                }, 
                "pt:[24.0,30.0]": {
                    "value": 0.87580001354217529, 
                    "error": 0.0025856168307317241
                }, 
                "pt:[40.0,50.0]": {
                    "value": 0.90762406587600708, 
                    "error": 0.00092212850143113536
                }
            }, 
            "abseta:[1.2,2.1]": {
                "pt:[30.0,40.0]": {
                    "value": 0.86720603704452515, 
                    "error": 0.0015574216986884348
                }, 
                "pt:[200.0,500.0]": {
                    "value": 1.0, 
                    "error": 0.16886303936829095
                }, 
                "pt:[60.0,120.0]": {
                    "value": 0.89212566614151001, 
                    "error": 0.0040012796796911601
                }, 
                "pt:[120.0,200.0]": {
                    "value": 0.872222900390625, 
                    "error": 0.026915162470130809
                }, 
                "pt:[50.0,60.0]": {
                    "value": 0.89052987098693848, 
                    "error": 0.0025383860322876323
                }, 
                "pt:[24.0,30.0]": {
                    "value": 0.83994799852371216, 
                    "error": 0.002963235460487081
                }, 
                "pt:[40.0,50.0]": {
                    "value": 0.88523072004318237, 
                    "error": 0.0012679397381341942
                }
            }, 
            "abseta:[2.1,2.4]": {
                "pt:[30.0,40.0]": {
                    "value": 0.79796469211578369, 
                    "error": 0.0036201398477986747
                }, 
                "pt:[200.0,500.0]": {
                    "value": 1.0, 
                    "error": 0.0
                }, 
                "pt:[60.0,120.0]": {
                    "value": 0.83652901649475098, 
                    "error": 0.011901649590492076
                }, 
                "pt:[120.0,200.0]": {
                    "value": 0.63566237688064575, 
                    "error": 0.14219621144910238
                }, 
                "pt:[50.0,60.0]": {
                    "value": 0.8221021294593811, 
                    "error": 0.0071132827261018543
                }, 
                "pt:[24.0,30.0]": {
                    "value": 0.75063186883926392, 
                    "error": 0.0063310871508581185
                }, 
                "pt:[40.0,50.0]": {
                    "value": 0.81588840484619141, 
                    "error": 0.0034305035315161454
                }
            }, 
            "abseta:[0.9,1.2]": {
                "pt:[30.0,40.0]": {
                    "value": 0.86460459232330322, 
                    "error": 0.0023972221359036677
                }, 
                "pt:[200.0,500.0]": {
                    "value": 0.66718822717666626, 
                    "error": 0.2847321048738139
                }, 
                "pt:[60.0,120.0]": {
                    "value": 0.87322235107421875, 
                    "error": 0.0059899436341394486
                }, 
                "pt:[120.0,200.0]": {
                    "value": 0.85116428136825562, 
                    "error": 0.043085908163645048
                }, 
                "pt:[50.0,60.0]": {
                    "value": 0.87032389640808105, 
                    "error": 0.0044012216362043178
                }, 
                "pt:[24.0,30.0]": {
                    "value": 0.83856528997421265, 
                    "error": 0.0051655418679799623
                }, 
                "pt:[40.0,50.0]": {
                    "value": 0.87401986122131348, 
                    "error": 0.0019514378943619847
                }
            }
        }, 
        "pt_abseta_MC": {
            "pt:[30.0,40.0]": {
                "abseta:[0.0,0.9]": {
                    "value": 0.89403849840164185, 
                    "error": 0.0011531308719981213
                }, 
                "abseta:[1.2,2.1]": {
                    "value": 0.86720603704452515, 
                    "error": 0.0015574216986884348
                }, 
                "abseta:[2.1,2.4]": {
                    "value": 0.79796469211578369, 
                    "error": 0.0036201398477986747
                }, 
                "abseta:[0.9,1.2]": {
                    "value": 0.86460459232330322, 
                    "error": 0.0023972221359036677
                }
            }, 
            "pt:[200.0,500.0]": {
                "abseta:[0.0,0.9]": {
                    "value": 0.88524633646011353, 
                    "error": 0.074527479653767631
                }, 
                "abseta:[1.2,2.1]": {
                    "value": 1.0, 
                    "error": 0.16886303936829095
                }, 
                "abseta:[2.1,2.4]": {
                    "value": 0.63566237688064575, 
                    "error": 0.00037109362892807712
                }, 
                "abseta:[0.9,1.2]": {
                    "value": 0.66718822717666626, 
                    "error": 0.2847321048738139
                }
            }, 
            "pt:[60.0,120.0]": {
                "abseta:[0.0,0.9]": {
                    "value": 0.90785282850265503, 
                    "error": 0.0028334741853871929
                }, 
                "abseta:[1.2,2.1]": {
                    "value": 0.89212566614151001, 
                    "error": 0.0040012796796911601
                }, 
                "abseta:[2.1,2.4]": {
                    "value": 0.83652901649475098, 
                    "error": 0.011901649590492076
                }, 
                "abseta:[0.9,1.2]": {
                    "value": 0.87322235107421875, 
                    "error": 0.0059899436341394486
                }
            }, 
            "pt:[120.0,200.0]": {
                "abseta:[0.0,0.9]": {
                    "value": 0.89907646179199219, 
                    "error": 0.017930466544379995
                }, 
                "abseta:[1.2,2.1]": {
                    "value": 0.872222900390625, 
                    "error": 0.026915162470130809
                }, 
                "abseta:[2.1,2.4]": {
                    "value": 0.63566237688064575, 
                    "error": 0.14219621144910238
                }, 
                "abseta:[0.9,1.2]": {
                    "value": 0.85116428136825562, 
                    "error": 0.043085908163645048
                }
            }, 
            "pt:[50.0,60.0]": {
                "abseta:[0.0,0.9]": {
                    "value": 0.91285419464111328, 
                    "error": 0.0020052287219275758
                }, 
                "abseta:[1.2,2.1]": {
                    "value": 0.89052987098693848, 
                    "error": 0.0025383860322876323
                }, 
                "abseta:[2.1,2.4]": {
                    "value": 0.8221021294593811, 
                    "error": 0.0071132827261018543
                },