{
    "MuonTrigger_data_all_IsoMu22_OR_IsoTkMu22_pteta_Run2016B_afterL2Fix": {
        "abseta_pt_MC": {
            "abseta:[0.0,0.9]": {
                "pt:[30.0,40.0]": {
                    "value": 0.89814597368240356, 
                    "error": 0.00034912510046206872
                }, 
                "pt:[200.0,500.0]": {
                    "value": 0.90032857656478882, 
                    "error": 0.017569312316268512
                }, 
                "pt:[60.0,120.0]": {
                    "value": 0.91414445638656616, 
                    "error": 0.00085429084924278564
                }, 
                "pt:[120.0,200.0]": {
                    "value": 0.90334033966064453, 
                    "error": 0.0059291771398691075
                }, 
                "pt:[50.0,60.0]": {
                    "value": 0.91422486305236816, 
                    "error": 0.00060089977257278462
                }, 
                "pt:[24.0,30.0]": {
                    "value": 0.87861031293869019, 
                    "error": 0.00081144254599556766
                }, 
                "pt:[40.0,50.0]": {
                    "value": 0.91133999824523926, 
                    "error": 0.00027949864625113414
                }
            }, 
            "abseta:[1.2,2.1]": {
                "pt:[30.0,40.0]": {
                    "value": 0.86856234073638916, 
                    "error": 0.00048211347220496821
                }, 
                "pt:[200.0,500.0]": {
                    "value": 0.86312294006347656, 
                    "error": 0.037395495076037011
                }, 
                "pt:[60.0,120.0]": {
                    "value": 0.88724052906036377, 
                    "error": 0.0012567009965610489
                }, 
                "pt:[120.0,200.0]": {
                    "value": 0.88516223430633545, 
                    "error": 0.0087519163023757895
                }, 
                "pt:[50.0,60.0]": {
                    "value": 0.88792937994003296, 
                    "error": 0.00084983929050891089
                }, 
                "pt:[24.0,30.0]": {
                    "value": 0.83752423524856567, 
                    "error": 0.00093478836431089957
                }, 
                "pt:[40.0,50.0]": {
                    "value": 0.8850441575050354, 
                    "error": 0.00040725470766946623
                }
            }, 
            "abseta:[2.1,2.4]": {
                "pt:[30.0,40.0]": {
                    "value": 0.78819495439529419, 
                    "error": 0.0011663039633676138
                }, 
                "pt:[200.0,500.0]": {
                    "value": 0.80310475826263428, 
                    "error": 0.098741533271810053
                }, 
                "pt:[60.0,120.0]": {
                    "value": 0.81686902046203613, 
                    "error": 0.0037914106008313936
                }, 
                "pt:[120.0,200.0]": {
                    "value": 0.81759244203567505, 
                    "error": 0.028707788459041525
                }, 
                "pt:[50.0,60.0]": {
                    "value": 0.80948597192764282, 
                    "error": 0.0024955233595778436
                }, 
                "pt:[24.0,30.0]": {
                    "value": 0.74112063646316528, 
                    "error": 0.0020688163901732273
                }, 
                "pt:[40.0,50.0]": {
                    "value": 0.80880475044250488, 
                    "error": 0.0011585454093187978
                }
            }, 
            "abseta:[0.9,1.2]": {
                "pt:[30.0,40.0]": {
                    "value": 0.90498089790344238, 
                    "error": 0.00064413631254405998
                }, 
                "pt:[200.0,500.0]": {
                    "value": 0.85471636056900024, 
                    "error": 0.051308485737332668
                }, 
                "pt:[60.0,120.0]": {
                    "value": 0.92151802778244019, 
                    "error": 0.001510535730391945
                }, 
                "pt:[120.0,200.0]": {
                    "value": 0.89966171979904175, 
                    "error": 0.011730953825049685
                }, 
                "pt:[50.0,60.0]": {
                    "value": 0.92262524366378784, 
                    "error": 0.0010497888580014393
                }, 
                "pt:[24.0,30.0]": {
                    "value": 0.87849438190460205, 
                    "error": 0.0014299177295923936
                }, 
                "pt:[40.0,50.0]": {
                    "value": 0.91985040903091431, 
                    "error": 0.0005574535194760844
                }
            }
        }, 
        "pt_abseta_MC": {
            "pt:[30.0,40.0]": {
                "abseta:[0.0,0.9]": {
                    "value": 0.89814597368240356, 
                    "error": 0.00034912510046206872
                }, 
                "abseta:[1.2,2.1]": {
                    "value": 0.86856234073638916, 
                    "error": 0.00048211347220496821
                }, 
                "abseta:[2.1,2.4]": {
                    "value": 0.78819495439529419, 
                    "error": 0.0011663039633676138
                }, 
                "abseta:[0.9,1.2]": {
                    "value": 0.90498089790344238, 
                    "error": 0.00064413631254405998
                }
            }, 
            "pt:[200.0,500.0]": {
                "abseta:[0.0,0.9]": {
                    "value": 0.90032857656478882, 
                    "error": 0.017569312316268512
                }, 
                "abseta:[1.2,2.1]": {
                    "value": 0.86312294006347656, 
                    "error": 0.037395495076037011
                }, 
                "abseta:[2.1,2.4]": {
                    "value": 0.80310475826263428, 
                    "error": 0.098741533271810053
                }, 
                "abseta:[0.9,1.2]": {
                    "value": 0.85471636056900024, 
                    "error": 0.051308485737332668
                }
            }, 
            "pt:[60.0,120.0]": {
                "abseta:[0.0,0.9]": {
                    "value": 0.91414445638656616, 
                    "error": 0.00085429084924278564
                }, 
                "abseta:[1.2,2.1]": {
                    "value": 0.88724052906036377, 
                    "error": 0.0012567009965610489
                }, 
                "abseta:[2.1,2.4]": {
                    "value": 0.81686902046203613, 
                    "error": 0.0037914106008313936
                }, 
                "abseta:[0.9,1.2]": {
                    "value": 0.92151802778244019, 
                    "error": 0.001510535730391945
                }
            }, 
            "pt:[120.0,200.0]": {
                "abseta:[0.0,0.9]": {
                    "value": 0.90334033966064453, 
                    "error": 0.0059291771398691075
                }, 
                "abseta:[1.2,2.1]": {
                    "value": 0.88516223430633545, 
                    "error": 0.0087519163023757895
                }, 
                "abseta:[2.1,2.4]": {
                    "value": 0.81759244203567505, 
                    "error": 0.028707788459041525
                }, 
                "abseta:[0.9,1.2]": {
                    "value": 0.89966171979904175, 
                    "error": 0.011730953825049685
                }
            }, 
            "pt:[50.0,60.0]": {
                "abseta:[0.0,0.9]": {
                    "value": 0.91422486305236816, 
                    "error": 0.00060089977257278462
                }, 
                "abseta:[1.2,2.1]": {
                    "value": 0.88792937994003296, 
                    "error": 0.00084983929050891089
                }, 
                "abseta:[2.1,2.4]": {
                    "value": 0.80948597192764282,